"complaint_text","priority"
"Critical doppelganger active","High"
"Minor delays in sprint creation","Medium"
"Critical disaster recovery failed","High"
"Seldom","Other"
"Background operations occasionally stutter","Medium"
"Let me think","Other"
"I'll be waiting","Other"
"Request to add quick action buttons","Low"
"Down the road","Other"
"Suggestion to add more engagement metrics","Low"
"Catastrophic total system collapse","High"
"File uploads occasionally delay","Medium"
"Moderate delays in transactions","Medium"
"Fabulous","Other"
"Minor latency in responses","Medium"
"Add ability to track regulations","Low"
"Slow rendering of graphs","Medium"
"Request to add roadmap planning","Low"
"Minor delays in loading content","Medium"
"Request to add task management","Low"
"Here we go","Other"
"Total infrastructure breach detected","High"
"Video conferencing tool lags sometimes","Medium"
"Occasional freezes in UI","Medium"
"Total operational catastrophe","High"
"Where do we go from here","Other"
"At least","Other"
"Ready when you are","Other"
"Add option to group items","Low"
"Request to add market research tools","Low"
"Final stretch","Other"
"API calls occasionally fail silently","Medium"
"Rome wasn't built in a day","Other"
"What's new","Other"
"Add option to measure lead time","Low"
"Major absolute critical failure","High"
"Emergency active shooter situation","High"
"In conclusion","Other"
"For the time being","Other"
"Request to add data analytics","Low"
"Critical credit rating destroyed","High"
"Never mind","Other"
"Natural disaster affecting server location","High"
"Moreover","Other"
"Critical service degradation affecting revenue","High"
"Critical hostage situation active","High"
"These things happen","Other"
"Add ability to manage governance","Low"
"Request to add templates","Low"
"Total civilization collapse","High"
"True that","Other"
"Total identity confusion","High"
"Okay so","Other"
"Database query timeout errors","Medium"
"Suggestions","Other"
"Doing better","Other"
"Following that","Other"
"Major lawsuits pending","High"
"Production database corrupted","High"
"Background processes occasionally timeout","Medium"
"Security certificate expired","High"
"Couldn't agree more","Other"
"Request to add undo feature","Low"
"On the plus side","Other"
"Thank you so much","Other"
"Suggestion to add more environment tools","Low"
"Background tasks occasionally stutter","Medium"
"Farewell","Other"
"Add option to monitor metrics","Low"
"Emergency total facility evacuation","High"
"I suppose","Other"
"Lovely to chat","Other"
"Add export to PDF option","Low"
"What's the status","Other"
"Form validation occasionally times out","Medium"
"Add option to manage sprints","Low"
"Earned it","Other"
"Splendid","Other"
"Suggestion to add more dashboards","Low"
"Anything else","Other"
"Appreciate it","Other"
"Critical global catastrophe event","High"
"Background sync occasionally returns null","Medium"
"Five stars","Other"
"Talk to you soon","Other"
"Let's wait and see","Other"
"Request to add kanban boards","Low"
"Request to add regulatory tracking","Low"
"Background tasks occasionally timeout","Medium"
"Request to add logistics tracking","Low"
"Critical arrest warrant active","High"
"Critical enlightenment path blocked","High"
"Background task occasionally stalls","Medium"
"Total universal catastrophic failure","High"
"Critical nuclear option required","High"
"Suggestion to add more auth methods","Low"
"Add option to categorize issues","Low"
"Anything new","Other"
"Request to add experimentation framework","Low"
"Despite that","Other"
"Slow loading of user profiles","Medium"
"I wonder","Other"
"Image thumbnails load slowly","Medium"
"Add ability to rotate credentials","Low"
"Major complete enterprise failure","High"
"I like it","Other"
"Suggestion to add more fields","Low"
"Dashboard updates occasionally fail validation","Medium"
"Suggestion to add more controls","Low"
"Complete catastrophic global collapse","High"
"Gas leakage detected in cafeteria","High"
"Core banking system down","High"
"Request to add sentiment analysis","Low"
"Who knows","Other"
"Request to add restore capabilities","Low"
"Occasional freezes in risk calculations","Medium"
"Going forward","Other"
"API endpoints occasionally time out","Medium"
"Request to add auto-complete","Low"
"Entire network down","High"
"Add ability to configure webhooks","Low"
"Come to think of it","Other"
"Critical black hole forming nearby","High"
"Emergency hurricane approaching facility","High"
"Critical total universal collapse","High"
"Eventually","Other"
"Lucky you","Other"
"Still","Other"
"Server hardware failure critical","High"
"Complete material loss","High"
"Suggestion to add more lifecycle tools","Low"
"Total system collapse imminent","High"
"Add option to manage press contacts","Low"
"Critical system error affecting all users","High"
"Add ability to configure alerts","Low"
"Till then","Other"
"Form processing occasionally fails validation","Medium"
"Slow loading of comparison data","Medium"
"I understand","Other"
"You'll be fine","Other"
"Occasional UI flickering","Medium"
"Request to add breadcrumb navigation","Low"
"Critical catastrophic absolute collapse","High"
"Slow loading of analytics","Medium"
"Add option to validate data","Low"
"API calls occasionally fail authorization","Medium"
"Minor delays in synchronization","Medium"
"What have I missed","Other"
"Now we're talking","Other"
"Monitoring system down","High"
"Background sync delayed","Medium"
"Currently","Other"
"Same old same old","Other"
"File upload progress bar laggy","Medium"
"Add option to collapse sections","Low"
"Mhmm","Other"
"Good for you","Other"
"Add option to set quotas","Low"
"Chart rendering occasionally slow","Medium"
"Minor delays in file operations","Medium"
"Suggestion to add more analytics features","Low"
"Moderate performance degradation","Medium"
"Plus","Other"
"Present situation","Other"
"Hello friend","Other"
"Ready","Other"
"Slow table pagination","Medium"
"Complete business continuity failure","High"
"Critical honor code violated","High"
"Total past alteration","High"
"No doubt","Other"
"Occasional lag in impediment tracking","Medium"
"Move on","Other"
"Request to add blockers tracking","Low"
"Form loading occasionally delays","Medium"
"Don't stress","Other"
"Image upload occasionally fails","Medium"
"Add option to generate API docs","Low"
"Agreed","Other"
"Any word","Other"
"Add batch operation support","Low"
"Add option to customize appearance","Low"
"Emergency total system destruction","High"
"Minor performance dip","Medium"
"Suggestion to add more widgets","Low"
"Slow API call responses","Medium"
"Request to add PR management","Low"
"Total system compromise detected","High"
"Major total system breakdown","High"
"Occasionally","Other"
"Almost there","Other"
"Major absolute system collapse","High"
"Hold on","Other"
"Request to add influencer tracking","Low"
"Critical fabric of space-time tearing","High"
"Top marks","Other"
"Major impersonation successful","High"
"Add option to create templates","Low"
"Be right there","Other"
"Minor freezes in form interactions","Medium"
"Emergency universal absolute failure","High"
"To sum up","Other"
"Super excited","Other"
"Minor UI rendering issues","Medium"
"Critical complete data loss","High"
"API endpoints occasionally lag","Medium"
"Critical logs missing after update","High"
"Meanwhile","Other"
"File download occasionally stalls","Medium"
"Dashboard updates occasionally empty","Medium"
"Your thoughts","Other"
"Request to add drag and drop","Low"
"Critical emergency evacuation needed","High"
"Once in a while","Other"
"Oh well","Other"
"Major critical services offline","High"
"Complete temporal elimination","High"
"Major universal system emergency","High"
"Moderate lag in processing","Medium"
"Background operations occasionally fail","Medium"
"Yep","Other"
"Total complete system failure","High"
"Search indexing slow","Medium"
"Critical complete absolute collapse","High"
"Request to add compliance reporting","Low"
"Add ability to set targets","Low"
"Thanks for the chat","Other"
"Background process occasionally hangs","Medium"
"Critical paradox detected","High"
"Temporary system slowdown","Medium"
"What else","Other"
"Occasional lag in access checks","Medium"
"All the same","Other"
"Add option to configure dashboards","Low"
"Request to add deprovisioning rules","Low"
"Add option to schedule migrations","Low"
"Occasional freezes in modal dialogs","Medium"
"Encouraging","Other"
"Critical emergency situation developing","High"
"Request to add resource scheduling","Low"
"Don't give up","Other"
"Emergency global total collapse","High"
"Slow loading of auth data","Medium"
"Form submissions occasionally corrupt","Medium"
"Image loading occasionally slow","Medium"
"Solve it yet","Other"
"What's the story","Other"
"Minor stuttering in change logs","Medium"
"Minor lag in notification updates","Medium"
"Form fields occasionally freeze","Medium"
"Complete absolute catastrophic failure","High"
"Okay","Other"
"Suggestion to add more chart types","Low"
"Add ability to monitor ratings","Low"
"Request to add auto-save","Low"
"Suggestion for better icons","Low"
"Typically","Other"
"Request to add OAuth support","Low"
"You deserve it","Other"
"There you go","Other"
"Add option to configure auth providers","Low"
"Emergency total facility failure","High"
"Dashboard rendering occasionally fails auth","Medium"
"Critical global system emergency","High"
"Generally","Other"
"Request to add performance tracking","Low"
"Suggestion to add more metrics","Low"
"Much love","Other"
"Is that so","Other"
"Add option to track user behavior","Low"
"How wonderful","Other"
"Critical total facility destruction","High"
"Be in touch","Other"
"Good plan","Other"
"Critical complete operational loss","High"
"Add option to manage roles","Low"
"Critical dharma wheel stopped","High"
"Moderate lag in updates","Medium"
"Just checking in","Other"
"Occasional UI stuttering","Medium"
"API calls occasionally slow","Medium"
"With love","Other"
"That's better","Other"
"Critical hardware failure imminent","High"
"Emergency complete shutdown needed now","High"
"Add ability to measure ROI","Low"
"Add option to set reminders","Low"
"Emergency flood waters rising","High"
"Minor delays in page rendering","Medium"
"Emergency universal total failure","High"
"Respectfully","Other"
"Not usually","Other"
"Well done","Other"
"Subsequently","Other"
"Take care","Other"
"Major catastrophic absolute failure","High"
"Add ability to verify backups","Low"
"Request to add snapshot management","Low"
"Bright side","Other"
"Video playback buffers sometimes","Medium"
"Getting anywhere","Other"
"Service outage affecting customers","High"
"Major trustworthiness eliminated","High"
"Power failure affecting entire floor","High"
"Suggestion to add more migration features","Low"
"Suggestion to add more tracking features","Low"
"Suggestion to add more social tools","Low"
"One sec","Other"
"Add option to track milestones","Low"
"Background process occasionally delays","Medium"
"Request to add backlog management","Low"
"Occasional lag in throughput calculations","Medium"
"Slow API endpoint responses","Medium"
"Now what","Other"
"Slow loading of environment data","Medium"
"Dashboard widgets occasionally time out","Medium"
"Request to add selection tools","Low"
"Suggestion to improve navigation menu","Low"
"How thoughtful","Other"
"Please improve help documentation","Low"
"Suggestion to add more security tools","Low"
"Request to add issue tracking","Low"
"Minor sync delays","Medium"
"Add ability to show online status","Low"
"Request to add mobile view toggle","Low"
"Additionally","Other"
"What's your opinion","Other"
"Need help updating email address","Low"
"Major complete business shutdown","High"
"Amazing","Other"
"Add user activity log","Low"
"Critical network intrusion detected","High"
"Let's begin","Other"
"Emergency complete absolute collapse","High"
"One day","Other"
"Occasional delays in API responses","Medium"
"Will do","Other"
"Add ability to share links","Low"
"Critical history rewrite detected","High"
"Critical patch deployment failed","High"
"Request to add time tracking","Low"
"Critical global universal failure","High"
"Occasional delays in media loading","Medium"
"Electric short circuit near server room","High"
"Ancient history","Other"
"Request to add team collaboration","Low"
"Terrific","Other"
"Application response time is slow","Medium"
"Major universal absolute failure","High"
"Request to add risk scoring","Low"
"Suggestion to add more customization","Low"
"Still waiting","Other"
"I'm game","Other"
"Total critical global collapse","High"
"Minor delays in data transfer","Medium"
"Also","Other"
"Major cosmic balance destroyed","High"
"Dashboard updates occasionally error","Medium"
"Don't sweat it","Other"
"Critical license server down","High"
"Dashboard updates occasionally delay","Medium"
"API responses occasionally empty","Medium"
"Background sync occasionally laggy","Medium"
"Precisely","Other"
"Add ability to manage releases","Low"
"Intermittently","Other"
"Delayed webhook notifications","Medium"
"Request to add competitive analysis","Low"
"Add option to schedule tasks","Low"
"Have a great day","Other"
"Background sync occasionally times out","Medium"
"Occasional lag in API pagination","Medium"
"Next time","Other"
"Request to add SSO integration","Low"
"Periodic lag in responses","Medium"
"Add ability to manage deliveries","Low"
"Add option to model scenarios","Low"
"Complete record elimination","High"
"How nice","Other"
"Major parallel timeline merge","High"
"Never thought of that","Other"
"Complete infrastructure destroyed","High"
"So excited","Other"
"Good to go","Other"
"Add option to track conversions","Low"
"You have my vote","Other"
"Request to add SMS integration","Low"
"Form processing occasionally returns empty","Medium"
"Occasional lag in UI updates","Medium"
"Reports take too long to generate","Medium"
"Critical meridian system shutdown","High"
"Occasional lag in bulk operations","Medium"
"Slow loading of audit logs","Medium"
"Complete moral bankruptcy","High"
"Connection occasionally drops","Medium"
"It's all good","Other"
"Slow transition animations","Medium"
"Slow page rendering","Medium"
"In essence","Other"
"In progress","Other"
"Take it easy","Other"
"Good question","Other"
"Emergency alternate reality collision","High"
"Good point","Other"
"Request to add email integration","Low"
"Major universe ending detected","High"
"Emergency catastrophic total collapse","High"
"Total operational catastrophe occurring","High"
"Critical complete network failure","High"
"Search indexing lag","Medium"
"Minor delays in widget loading","Medium"
"Occasional delays in updates","Medium"
"Right","Other"
"Need details","Other"
"Background process delays","Medium"
"Background sync occasionally lags","Medium"
"Request to add customer feedback tools","Low"
"Need help with account settings","Low"
"Complete absolute operational collapse","High"
"API pagination occasionally slow","Medium"
"Occasional stuttering in table scrolling","Medium"
"Add ability to forecast data","Low"
"Minor delays in collaboration features","Medium"
"Things are improving","Other"
"So close","Other"
"Critical total catastrophic collapse","High"
"Suggestion to add more media tools","Low"
"Psyched","Other"
"Building evacuation due to technical emergency","High"
"Request to add zoom feature","Low"
"Positive signs","Other"
"Background tasks running slow","Medium"
"Request to add FAQ system","Low"
"Critical tornado touching down nearby","High"
"Critical complete worldwide outage","High"
"Great to connect","Other"
"Primary database completely corrupted","High"
"Request to add benchmark comparison","Low"
"Minor delays in form loading","Medium"
"Add option to manage budgets","Low"
"No word yet","Other"
"Active malware spreading across network","High"
"Too","Other"
"Critical robot uprising detected","High"
"Minor delays in encryption operations","Medium"
"Nearly done","Other"
"File uploads occasionally blocked","Medium"
"Hope your day is going well","Other"
"Major total absolute collapse","High"
"Add option to assess risks","Low"
"In the future","Other"
"Request to add lead time tracking","Low"
"Occasional lag in policy enforcement","Medium"
"Suggestion to add more predictions","Low"
"Slow loading of notification settings","Medium"
"Request to add version control","Low"
"Request to add route optimization","Low"
"See you later","Other"
"Suggestion to add more integration options","Low"
"Critical all backup generators failed","High"
"Critical total worldwide emergency","High"
"Suggestion to add more planning tools","Low"
"File uploads occasionally corrupt","Medium"
"Away we go","Other"
"Critical security systems breached","High"
"Add ability to assign tags","Low"
"Outstanding","Other"
"Background operations return empty occasionally","Medium"
"Emergency stateless person declared","High"
"Naturally","Other"
"Cross that bridge when we come to it","Other"
"Minor delays in synchronization","Medium"
"Minor delays in dependency mapping","Medium"
"Two thumbs up","Other"
"Critical global emergency situation","High"
"Overall","Other"
"Request to add support system","Low"
"Who knows when","Other"
"Suggestion to add more access tools","Low"
"Occasional lag in audit queries","Medium"
"Critical nuclear strike detected","High"
"Page load times increased slightly","Medium"
"Long time no see","Other"
"Can't wait","Other"
"Background processes occasionally timeout","Medium"
"Congrats","Other"
"Request to add webhook support","Low"
"Calendar sync delayed","Medium"
"Minor stuttering in animations","Medium"
"API responses occasionally timeout","Medium"
"Occasional delays in form submission","Medium"
"Bear with me","Other"
"Total infrastructure failure","High"
"Stay safe","Other"
"Change font size in dashboard","Low"
"Major critical infrastructure attack","High"
"Critical disaster recovery failure","High"
"Add option to export data","Low"
"Nice work","Other"
"Major constitutional rights suspended","High"
"Nice chatting","Other"
"Critical all monitoring systems down","High"
"Major universal infrastructure failure","High"
"Emergency credibility annihilated","High"
"Critical data integrity issue","High"
"Add option to visualize dependencies","Low"
"Slow form loading","Medium"
"Slow loading of email templates","Medium"
"Background sync occasionally fails","Medium"
"About time","Other"
"Main server overheating and shutting down","High"
"Occasional freezes in security operations","Medium"
"Add option to hide columns","Low"
"Request to add attribution modeling","Low"
"Suggestion to add more WIP features","Low"
"Slow loading of backlog items","Medium"
"Occasional stuttering in media controls","Medium"
"Counting down","Other"
"Critical universal operational failure","High"
"Critical error blocking all users","High"
"File operations occasionally delay","Medium"
"Total system failure across regions","High"
"Occasional delays in chart rendering","Medium"
"Add option to track vehicles","Low"
"Up to you","Other"
"Minor stuttering in roadmap updates","Medium"
"Suggestion to add more views","Low"
"Nonetheless","Other"
"Major emergency critical failure","High"
"What's the latest","Other"
"Slow loading of images","Medium"
"System freeze during transactions","High"
"Need help with profile settings","Low"
"Even so","Other"
"Any developments","Other"
"Critical universal total collapse","High"
"Add option to collect ratings","Low"
"In due course","Other"
"Critical property foreclosed","High"
"Whatever works","Other"
"API calls occasionally fail","Medium"
"Nice to meet you","Other"
"Request to add multi-select option","Low"
"Getting better","Other"
"Major historical records vanishing","High"
"Major reality matrix glitching","High"
"Website loads slowly during peak hours","Medium"
"Delayed push notifications","Medium"
"Light at the end of the tunnel","Other"
"Good job","Other"
"Major catastrophic system failure","High"
"Emergency complete system unavailable","High"
"In any case","Other"
"Loop me in","Other"
"Slow loading of permission data","Medium"
"Add option to export settings","Low"
"Add option to mark favorites","Low"
"Suggestion to add more comparison tools","Low"
"You're so nice","Other"
"Request to improve help page","Low"
"Occasional lag in push delivery","Medium"
"Minor stuttering in API calls","Medium"
"API rate limiting issues","Medium"
"As you wish","Other"
"Minor stuttering in animations","Medium"
"One more thing","Other"
"Major transcendence failed","High"
"Critical absolute operational collapse","High"
"Critical national security threat","High"
"Anyhow","Other"
"Critical complete operational collapse","High"
"Minor animation stutters","Medium"
"Emergency incarceration imminent","High"
"Major complete organizational failure","High"
"Complete universal global failure","High"
"Background jobs running slowly","Medium"
"Background processes occasionally empty","Medium"
"Suggestion to add more analytics","Low"
"You can do it","Other"
"Request to add progress tracking","Low"
"Perfect thanks","Other"
"Happy for you","Other"
"Emergency response system down","High"
"Total financial ruin","High"
"Complete extinction level event","High"
"Minor delays in chart loading","Medium"
"Minor rendering delays","Medium"
"Add ability to flag items","Low"
"Request to add goal tracking","Low"
"Total corporate dissolution","High"
"Request to add time management","Low"
"Occasional stuttering in rendering","Medium"
"Incidentally","Other"
"Chill","Other"
"Emergency infrastructure under attack","High"
"Critical complete system destruction","High"
"I'm okay with that","Other"
"Major global catastrophic collapse","High"
"Minor delays in authentication","Medium"
"Occasional freezes during save","Medium"
"Add ability to switch environments","Low"
"Request to add dependency tracking","Low"
"Promising","Other"
"Been out of the loop","Other"
"Request to add contact management","Low"
"Request to add capacity planning","Low"
"Minor delays in video buffering","Medium"
"PDF generation slow","Medium"
"Emergency toxic exposure risk","High"
"Add contextual menus","Low"
"Dashboard rendering occasionally fails","Medium"
"Add option to mark as read","Low"
"Critical total infrastructure destroyed","High"
"Add option to lock items","Low"
"Occasional stuttering in UI","Medium"
"Minor freezes in interface","Medium"
"How lovely","Other"
"Wonderful","Other"
"Background jobs occasionally freeze","Medium"
"Critical universal global collapse","High"
"Slow table rendering","Medium"
"What's done is done","Other"
"How fortunate","Other"
"Request to add automated workflows","Low"
"Thoughts","Other"
"Now and then","Other"
"In summary","Other"
"Suggestion to add more actions","Low"
"Add inline editing feature","Low"
"Production environment inaccessible","High"
"Try again","Other"
"API calls occasionally blocked","Medium"
"Nice","Other"
"Add option to toggle features","Low"
"Mission-critical application down","High"
"Critical memories being erased","High"
"Backup system failure detected","High"
"Suggestion to add more graphs","Low"
"Any updates","Other"
"Appreciate your time","Other"
"Request to add user migration tools","Low"
"Occasional errors during save","Medium"
"Critical global total breakdown","High"
"Form submissions occasionally rejected","Medium"
"Request to add inline preview","Low"
"Request to add epic tracking","Low"
"Request to add audit logging","Low"
"Occasional lag in data loading","Medium"
"Request to add expand all option","Low"
"Background operations occasionally fail validation","Medium"
"Suggestion to add more conferencing tools","Low"
"WiFi disconnects occasionally","Medium"
"Critical causality violation","High"
"Complete critical operational failure","High"
"Later on","Other"
"Add ability to run retrospectives","Low"
"Occasional lag during video streaming","Medium"
"Add option to pin items","Low"
"Once in a blue moon","Other"
"From time to time","Other"
"Add option to enable team chat","Low"
"Turn the page","Other"
"Major qi flow completely blocked","High"
"Occasional freezes in email composer","Medium"
"Request to add rollback capabilities","Low"
"Need help changing username","Low"
"Customer data exposure risk detected","High"
"Pumped","Other"
"Alright then","Other"
"Add option to track mentions","Low"
"Suggestion to add more presence features","Low"
"API calls occasionally return errors","Medium"
"Request to add custom fields","Low"
"You doing good","Other"
"Critical universal catastrophic collapse","High"
"Add ability to reorder items","Low"
"Request to add comparison view","Low"
"Major erasure from timeline","High"
"Occasional UI delays","Medium"
"Authentication service unavailable","High"
"However","Other"
"Stay strong","Other"
"Critical civil rights revoked","High"
"Emergency home repossessed","High"
"Background sync occasionally delays","Medium"
"Perhaps someday","Other"
"Form fields occasionally unresponsive","Medium"
"Did you have a good day","Other"
"Until next time","Other"
"As of now","Other"
"Dying to know","Other"
"Background operations occasionally timeout","Medium"
"Go on","Other"
"Complete loss of internet connectivity","High"
"Emergency all services failing","High"
"Add ability to track changes","Low"
"Complete critical meltdown occurring","High"
"Minor delays in fetching data","Medium"
"Major livelihood permanently lost","High"
"Occasional freezes in auth flow","Medium"
"Background job queue delayed","Medium"
"Total infrastructure annihilation","High"
"Otherwise","Other"
"Add option to schedule notifications","Low"
"Request to add questionnaire builder","Low"
"Total catastrophic absolute failure","High"
"Thank goodness","Other"
"Suggestion to add more layouts","Low"
"Background tasks occasionally fail","Medium"
"Request to add data export","Low"
"Certainly","Other"
"Yeah so","Other"
"Critical catastrophic global failure","High"
"Periodic delays in responses","Medium"
"Critical infrastructure attack detected","High"
"Add ability to bulk migrate users","Low"
"Major complete catastrophic failure","High"
"Add email notification preference option","Low"
"Request to customize dashboard","Low"
"Complete disconnection from source","High"
"Occasional freezes in analytics","Medium"
"Report generation takes longer","Medium"
"Long story short","Other"
"Infrequently","Other"
"Fair enough","Other"
"Emergency multiverse collision","High"
"Anything else","Other"
"Add option to reset settings","Low"
"All good here","Other"
"Background job occasionally fails","Medium"
"Request to add expense tracking","Low"
"Request to add governance framework","Low"
"Emergency system explosion risk","High"
"Background sync occasionally times out","Medium"
"Back in a flash","Other"
"I want to know","Other"
"Suggestion to add more widgets","Low"
"Complete facility failure","High"
"Slow animation playback","Medium"
"Slow loading of feedback data","Medium"
"Superb","Other"
"Complete catastrophic infrastructure loss","High"
"File downloads occasionally pause","Medium"
"Besides","Other"
"Oh and","Other"
"Request to add tabbed interface","Low"
"How's your day","Other"
"Amped","Other"
"Background operations occasionally interrupted","Medium"
"Minor freezes in API responses","Medium"
"Moderate CPU spikes","Medium"
"API responses occasionally hang","Medium"
"Occasional freezes in dashboard updates","Medium"
"For the most part","Other"
"Add ability to manage user lifecycle","Low"
"Behind us now","Other"
"Fundamentally","Other"
"Suggestion to add more modeling tools","Low"
"Alright so","Other"
"Affectionately","Other"
"Multiple server failures across datacenter","High"
"Complete critical infrastructure loss","High"
"Slow loading of reputation data","Medium"
"Minor stuttering in scroll performance","Medium"
"Minor delays in rendering charts","Medium"
"What's next","Other"
"Me too","Other"
"Critical absolute global collapse","High"
"Just in time","Other"
"Form processing occasionally errors","Medium"
"Know anything","Other"
"Background operations occasionally fail","Medium"
"Add ability to analyze cycle time","Low"
"Suggestion to add more feedback channels","Low"
"Fascinating","Other"
"Request to add reputation management","Low"
"Patience is a virtue","Other"
"Request to add fleet management","Low"
"Occasional lag in release tracking","Medium"
"Background tasks occasionally stall","Medium"
"Suggestion to add more research features","Low"
"Suggestion to add more features","Low"
"Request to add workflow automation","Low"
"Minor freezes in media playback","Medium"
"Anyway","Other"
"Total existence denied","High"
"Request to add variant testing","Low"
"Add option to pin shortcuts","Low"
"Emergency critical core failure","High"
"Alright","Other"
"Total legal destruction","High"
"Slow API responses","Medium"
"Anticipating","Other"
"Onward and upward","Other"
"Major all business operations ceased","High"
"Background sync occasionally fails","Medium"
"Slow animation rendering","Medium"
"Complete professional death","High"
"Critical pandemic outbreak detected","High"
"Improvement","Other"
"Slow page load times","Medium"
"Suggestion to add more categories","Low"
"Occasional lag in chart updates","Medium"
"Form fields occasionally unresponsive","Medium"
"Uncover anything","Other"
"Critical income streams eliminated","High"
"Critical total global emergency","High"
"Add feedback form","Low"
"Search results pagination slow","Medium"
"Request to add recent history","Low"
"Occasional freezes in background tasks","Medium"
"Major total operational failure","High"
"Occasional delays in webhook delivery","Medium"
"Warmly","Other"
"You rock","Other"
"Request to add brand monitoring","Low"
"Background jobs occasionally corrupt data","Medium"
"How's it looking","Other"
"File processing occasionally slow","Medium"
"Suggestion to add more options","Low"
"Catch you later","Other"
"Minor lag in background operations","Medium"
"Slow loading of recovery plans","Medium"
"Add option to customize toolbar","Low"
"Critical global total failure","High"
"File upload queue delays","Medium"
"Add ability to track burndown","Low"
"Peace","Other"
"Bye for now","Other"
"Let me know","Other"
"Soon","Other"
"In the past","Other"
"Talk soon","Other"
"Spot on","Other"
"All the best","Other"
"Time to start","Other"
"Add ability to rate items","Low"
"Aside from that","Other"
"Emergency absolute system failure","High"
"Add ability to schedule reports","Low"
"Major complete platform failure","High"
"Request to add comments feature","Low"
"Request to add sorting options","Low"
"Suggestion to add more tracking tools","Low"
"Total liberty eliminated","High"
"Minor stuttering in velocity charts","Medium"
"Request to add funnel analysis","Low"
"Okay cool","Other"
"Emergency habeas corpus denied","High"
"Way to go","Other"
"Critical infrastructure completely destroyed","High"
"Dashboard refresh occasionally slow","Medium"
"File preview generation slow","Medium"
"On its way","Other"
"Request to add sprint planning","Low"
"Total energy body collapse","High"
"Background processes fail silently sometimes","Medium"
"Add option to duplicate items","Low"
"Take a breath","Other"
"Slow loading of regulatory data","Medium"
"Critical universal love flow stopped","High"
"Let's get started","Other"
"Critical loss of all backups","High"
"Request to add team collaboration tools","Low"
"Critical chemical spill in facility","High"
"Slow animation rendering","Medium"
"Request to add permission management","Low"
"Learn anything","Other"
"Minor stuttering in login process","Medium"
"Suggestion to add more themes","Low"
"Add option to split items","Low"
"Critical valuables confiscated","High"
"End in sight","Other"
"Figure anything out","Other"
"Request to update profile bio","Low"
"Looking forward","Other"
"Request to add email templates","Low"
"Getting there","Other"
"Emergency singularity approaching","High"
"Critical global absolute failure","High"
"Total emergency infrastructure collapse","High"
"Critical reliability rating zero","High"
"Suggestion to add more dashboards","Low"
"Critical appeal rejected","High"
"Emergency catastrophic failure event","High"
"Major complete absolute failure","High"
"File processing occasionally delays","Medium"
"Request to improve accessibility","Low"
"Minor stuttering in permission checks","Medium"
"Add option to start video meetings","Low"
"Kind regards","Other"
"How's your weekend","Other"
"Interesting you bring that up","Other"
"Minor stuttering in issue updates","Medium"
"Suggestion to add more audit features","Low"
"Request to add data visualization","Low"
"Add ability to assign permissions","Low"
"Suggestion to add more visualizations","Low"
"Add option to enforce policies","Low"
"Brb","Other"
"File processing occasionally hangs","Medium"
"Water under the bridge","Other"
"Critical absolute total failure","High"
"Request to add inventory management","Low"
"Add option to hide sections","Low"
"Minor freezes in media loading","Medium"
"Till next time","Other"
"Any news","Other"
"Background jobs occasionally interrupted","Medium"
"API responses occasionally delay","Medium"
"Complete universal absolute failure","High"
"Intermittent connectivity issues","Medium"
"Good luck","Other"
"API endpoints occasionally timeout","Medium"
"Minor delays in API endpoint responses","Medium"
"Really excited","Other"
"Thanks a bunch","Other"
"Emergency total infrastructure destruction","High"
"Suggestion to add more themes","Low"
"Critical universal system failure","High"
"Hyped","Other"
"Critical complete absolute failure","High"
"Good afternoon","Other"
"Major all corporate assets lost","High"
"Be with you shortly","Other"
"Looking forward to hearing","Other"
"Dashboard widgets load slowly","Medium"
"Major catastrophic failure detected","High"
"Add option to analyze trends","Low"
"Won't happen again","Other"
"Tell me everything","Other"
"Session timeout too quick","Medium"
"Critical ascension to higher plane failed","High"
"Occasional performance dips","Medium"
"Off we go","Other"
"Complete freedom lost","High"
"Critical absolute catastrophic failure","High"
"Major indictment issued","High"
"Database query occasionally slow","Medium"
"At present","Other"
"Add option to track campaigns","Low"
"Suggestion to add more email features","Low"
"Add option to download reports","Low"
"Critical divine connection severed","High"
"Critical system vulnerability exposed","High"
"Critical vulnerability in authentication module","High"
"Critical universal failure detected","High"
"Obviously","Other"
"Request to add advanced filtering","Low"
"That reminds me","Other"
"Critical all redundancy systems failed","High"
"Background processes occasionally timeout","Medium"
"System reboot loop detected","High"
"Consider it done","Other"
"Request to add document management","Low"
"Dashboard data occasionally delays","Medium"
"Complete cosmic annihilation","High"
"Major complete infrastructure collapse","High"
"Let's get going","Other"
"Background operations occasionally hang","Medium"
"Request to add backup management","Low"
"Complete loss of redundancy systems","High"
"Slow rendering of reports","Medium"
"Good morning","Other"
"Background sync occasionally fails auth","Medium"
"Critical production database inaccessible","High"
"Request to add real-time collaboration","Low"
"Request to add user provisioning","Low"
"Optimistic","Other"
"Major universal catastrophic failure","High"
"Critical all authentication failed","High"
"Add option to create team spaces","Low"
"Indeed","Other"
"Stoked","Other"
"Sure","Other"
"Total critical infrastructure loss","High"
"Suggestion to add more fonts","Low"
"Mobile app performance drops","Medium"
"Hope all is well","Other"
"Please add dark mode feature","Low"
"Suggestion to add more scrum features","Low"
"Add option to change view layout","Low"
"Add option to create views","Low"
"Suggestion to add more formats","Low"
"One moment please","Other"
"Login takes longer than usual","Medium"
"Background operations occasionally empty","Medium"
"Delayed database query results","Medium"
"Suggestion to add more analysis tools","Low"
"Suggestion to add more tools","Low"
"That's very kind","Other"
"Let's make it happen","Other"
"Request to add mobile optimization","Low"
"Minor performance issues","Medium"
"How's life","Other"
"Add ability to tag items","Low"
"Critical pension fund evaporated","High"
"Critical systems all offline","High"
"Security vulnerability detected","High"
"Emergency clone replacing original","High"
"Payment refunds not processing","High"
"Right on","Other"
"Stay connected","Other"
"Suggestion to add more conversion tracking","Low"
"Catch me up","Other"
"It'll be okay","Other"
"Add option to send transactional emails","Low"
"What's the plan","Other"
"Emergency catastrophic absolute collapse","High"
"Add ability to sync with Active Directory","Low"
"Request to add impediment management","Low"
"Major all critical infrastructure lost","High"
"Request to add social media analytics","Low"
"Add ability to customize emails","Low"
"Background sync occasionally loses data","Medium"
"Minor freezes in dashboard rendering","Medium"
"Chat feature occasionally disconnects","Medium"
"Discover anything","Other"
"Background tasks occasionally hang","Medium"
"Form autocomplete slow","Medium"
"Background jobs occasionally empty","Medium"
"Add ability to export results","Low"
"Let it go","Other"
"Critical API endpoints failing","High"
"Occasional lag in modal animations","Medium"
"Frequently","Other"
"That's sweet","Other"
"Major all services permanently lost","High"
"Slow loading of burndown data","Medium"
"Request to add predictive analytics","Low"
"Add option to set priorities","Low"
"One more time","Other"
"Major end of world scenario","High"
"Wrapping up","Other"
"File compression takes time","Medium"
"Critical absolute system failure","High"
"Add ability to schedule deliveries","Low"
"File operations occasionally empty","Medium"
"Got it","Other"
"Add ability to segment users","Low"
"Critical total collapse happening","High"
"Add option to visualize roadmaps","Low"
"Major complete service collapse","High"
"Suggestion to add more agile tools","Low"
"UI color theme looks outdated","Low"
"Minor stuttering in video calls","Medium"
"Minor delays in updates","Medium"
"Sounds fun","Other"
"When the time is right","Other"
"Could be true","Other"
"Cheers","Other"
"Complete service outage across all regions","High"
"Give it another shot","Other"
"How are you doing","Other"
"Primary and backup systems both down","High"
"Occasional lag in data synchronization","Medium"
"API response times elevated","Medium"
"Critical application crash","High"
"Critical explosive device found","High"
"Suggestion to add more KPIs","Low"
"Dashboard data occasionally stale","Medium"
"Slow loading of capacity data","Medium"
"Request for email subscription","Low"
"Emergency evacuation required","High"
"Add ability to create metrics","Low"
"Emergency retirement savings lost","High"
"Do you agree","Other"
"Getting to it","Other"
"Keep me posted","Other"
"Add ability to track aging items","Low"
"Occasional lag in search results","Medium"
"Sooner or later","Other"
"Incredibly excited","Other"
"System crash during payment processing","High"
"Dashboard updates occasionally lag","Medium"
"Slow rendering of charts","Medium"
"Brilliant","Other"
"Cool","Other"
"Request to add user guide","Low"
"Minor stuttering in scrolling","Medium"
"That's the spirit","Other"
"Request to add story mapping","Low"
"Occasional freezes in forms","Medium"
"Emergency catastrophic global collapse","High"
"Total loss of backup systems","High"
"Suggestion to add more panels","Low"
"Slow rendering of media items","Medium"
"Critical radiation leak detected","High"
"Minor stuttering in notifications","Medium"
"Peace out","Other"
"Right on time","Other"
"C'est la vie","Other"
"File download occasionally stalls","Medium"
"Emergency total power outage","High"
"API responses occasionally blocked","Medium"
"Background sync occasionally stutters","Medium"
"Add option to activate emergency plans","Low"
"Critical global absolute collapse","High"
"Request to add incident reporting","Low"
"Minor delays in flow calculations","Medium"
"Lesson learned","Other"
"Critical breach of all security layers","High"
"Positive energy","Other"
"Change default language","Low"
"Dashboard rendering occasionally delays","Medium"
"Silver lining","Other"
"Slow scrolling in lists","Medium"
"Critical absolute universal collapse","High"
"New chapter","Other"
"How's work going","Other"
"Form validation occasionally delays","Medium"
"Critical system breach active","High"
"Minor stuttering in SMS sending","Medium"
"Add option to save drafts","Low"
"So basically","Other"
"Emergency universal catastrophic failure","High"
"Worry about it then","Other"
"Catastrophic system failure","High"
"Minor delays in rendering","Medium"
"Emergency collective amnesia spreading","High"
"Suggestion to add more risk tools","Low"
"Slow loading of screen share","Medium"
"Occasional lag in directory sync","Medium"
"Critical prison sentence imposed","High"
"Request to add bug tracking","Low"
"Marvelous","Other"
"Request to add A/B testing","Low"
"Background sync occasionally stutters","Medium"
"From here","Other"
"Looking forward","Other"
"Count me in","Other"
"Critical time loop detected","High"
"Critical alien invasion in progress","High"
"On rare occasions","Other"
"Total divine abandonment","High"
"Major life savings disappeared","High"
"Emergency global infrastructure failure","High"
"Nice talking","Other"
"Request to add audit logs","Low"
"What's current","Other"
"Include me","Other"
"Emergency complete infrastructure loss","High"
"Add ability to analyze feedback","Low"
"Speak later","Other"
"Fantastic","Other"
"Be well","Other"
"Add option to archive users","Low"
"Payment gateway failure causing transaction loss","High"
"File upload takes longer","Medium"
"Such is life","Other"
"Background processes occasionally error","Medium"
"Request to add disaster recovery","Low"
"Not to mention","Other"
"Slow loading of backup data","Medium"
"Add option to survey customers","Low"
"Complete network infrastructure failure","High"
"Makes sense","Other"
"Add option to identify blockers","Low"
"Emergency meteor impact predicted","High"
"Report export takes time","Medium"
"Minor lag in file operations","Medium"
"Complete global absolute emergency","High"
"Occasional delays in loading forms","Medium"
"Emergency services required immediately","High"
"Suggestion to add customization options","Low"
"Look on the bright side","Other"
"Minor delays in notification delivery","Medium"
"Printer not connecting to network","Medium"
"Add option to archive items","Low"
"Calm down","Other"
"Form validation takes time","Medium"
"You got this","Other"
"Complete service failure nationwide","High"
"Critical aura completely shattered","High"
"Add ability to share screens","Low"
"Feeling better","Other"
"Commonly","Other"
"Not a moment too soon","Other"
"Complete global system collapse","High"
"Just relaxing","Other"
"Though","Other"
"Critical complete infrastructure failure","High"
"Mobile app freezes occasionally","Medium"
"Dashboard widgets occasionally return empty","Medium"
"Add ability to generate keys","Low"
"Complete loss of inner peace","High"
"Critical system total failure","High"
"Emergency complete operational collapse","High"
"Total dimensional collapse","High"
"Production environment completely down","High"
"Dashboard tiles load slowly","Medium"
"Absolutely","Other"
"Complete spiritual dissolution","High"
"All authentication services down","High"
"Slow loading of rollback data","Medium"
"Request to add recent items list","Low"
"Suggestion to add more forms","Low"
"Background operations occasionally time out","Medium"
"Suggestion to add more integrations","Low"
"Find out anything","Other"
"Total existential crisis","High"
"Background processes occasionally lag","Medium"
"Add ability to set rules","Low"
"Add option to schedule actions","Low"
"Add option to configure notifications","Low"
"Suggestion to add more icons","Low"
"At last","Other"
"Glad to know","Other"
"API responses occasionally fail validation","Medium"
"Bit by bit","Other"
"Be right back","Other"
"Emergency complete collapse scenario","High"
"Every so often","Other"
"Request to add risk management","Low"
"Something else","Other"
"Add ability to track time","Low"
"That works for me","Other"
"Occasional freezes in collaboration","Medium"
"Add option to track assets","Low"
"Moderate delays observed","Medium"
"Add option to clone environments","Low"
"What's going on","Other"
"At the moment","Other"
"Request to add access control","Low"
"Major integrity completely lost","High"
"Ditto","Other"
"Right now","Other"
"Request to add screen sharing","Low"
"Request to add custom reports","Low"
"Nailed it","Other"
"Total infrastructure meltdown","High"
"Slow loading of scrum data","Medium"
"API calls occasionally drop","Medium"
"Major security compromise detected","High"
"Emergency reality collapse imminent","High"
"Background tasks occasionally blocked","Medium"
"Background sync occasionally corrupts data","Medium"
"Emergency complete system failure","High"
"Total operational failure worldwide","High"
"Complete system shutdown required","High"
"Massive system breach detected","High"
"Relax","Other"
"How exciting","Other"
"Minor stuttering in background sync","Medium"
"Request to add key management","Low"
"Add ability to share content","Low"
"Add search help tips","Low"
"Good fortune","Other"
"Request to add offboarding automation","Low"
"I feel you","Other"
"Step by step","Other"
"Request to add user preferences","Low"
"Thanks for your help","Other"
"Slow loading of collaboration tools","Medium"
"How are things","Other"
"Request to add customer portal","Low"
"Regardless","Other"
"Emergency total system shutdown","High"
"How you been","Other"
"Slow rendering of dashboard widgets","Medium"
"Moderate memory usage spike","Medium"
"Emergency creditors pursuing","High"
"Fine by me","Other"
"What's up","Other"
"Request to change notification tone","Low"
"Request to add marketing analytics","Low"
"Add option to manage roles","Low"
"Request to add advanced search","Low"
"Lots of love","Other"
"Cache clearing delays","Medium"
"Critical containment breach detected","High"
"Mass data corruption detected","High"
"Minor lag in button responses","Medium"
"Request to add cohort analysis","Low"
"Occasional glitches in animations","Medium"
"Have fun","Other"
"And","Other"
"Critical archive destruction","High"
"Minor lag in video streaming","Medium"
"File processing occasionally times out","Medium"
"Major evidence obliteration","High"
"Major catastrophe affecting infrastructure","High"
"Occasional lag in retrospective tools","Medium"
"Hey there","Other"
"Emergency complete data loss","High"
"Eager","Other"
"Pretty good thanks","Other"
"Occasional delays in form processing","Medium"
"What a pleasure","Other"
"Critical entire platform down","High"
"Critical hazmat situation developing","High"
"Good evening","Other"
"Interesting","Other"
"Add option to manage tickets","Low"
"Occasional stuttering in page loads","Medium"
"Hear from you soon","Other"
"Add text formatting options","Low"
"Request to add channel attribution","Low"
"Enjoy your day","Other"
"You got it","Other"
"Need tutorial videos","Low"
"Complete loss of all systems","High"
"Total verification impossible","High"
"Complete catastrophic absolute collapse","High"
"Perhaps","Other"
"Moderate delay in page rendering","Medium"
"New day","Other"
"I approve","Other"
"Server disk failure detected","High"
"Right away","Other"
"Occasional lag in background sync","Medium"
"Hopeful","Other"
"Deal with it later","Other"
"Slow loading of cycle time data","Medium"
"How are your kids","Other"
"Image compression delays","Medium"
"Minor stuttering in form loading","Medium"
"Right so","Other"
"Blessings","Other"
"Background operations occasionally blocked","Medium"
"Delighted","Other"
"Occasional freezes in aging reports","Medium"
"Emergency natural disaster imminent","High"
"Critical security patches failed to apply","High"
"Add ability to annotate items","Low"
"Request to add retention analysis","Low"
"Database server is not responding","High"
"Add ability to review audit trails","Low"
"Suggestion to add more notifications","Low"
"Sometimes","Other"
"Request to add WIP limits","Low"
"Occasional glitches in rendering","Medium"
"Add option to manage crisis response","Low"
"Critical avalanche risk imminent","High"
"Occasional delays in loading data","Medium"
"Occasional delays in processing","Medium"
"Got to know","Other"
"Bottom line","Other"
"Critical forgiveness unavailable","High"
"Printer queue delays","Medium"
"Background jobs occasionally stall","Medium"
"Occasional delays in saving","Medium"
"Let's roll","Other"
"I hear you","Other"
"Anyway moving on","Other"
"Chart animation laggy","Medium"
"Occasional lag in issue assignment","Medium"
"Add ability to track experiments","Low"
"Wow","Other"
"Suggestion to add more impediment tools","Low"
"Normally","Other"
"Slow page navigation","Medium"
"Yet","Other"
"Add option to configure alerts","Low"
"Critical license expiry affecting operations","High"
"Minor delays in audio loading","Medium"
"Add language selection option","Low"
"Critical absolute emergency state","High"
"Emergency backup deletion","High"
"Add ability to link items","Low"
"System integrity compromised","High"
"That's a blessing","Other"
"Occasional freezes in backlog UI","Medium"
"Request to add velocity tracking","Low"
"Periodic lag during operations","Medium"
"Major global catastrophic failure","High"
"Awesome","Other"
"How's the family","Other"
"Not sure","Other"
"It happens","Other"
"Complete power loss in facility","High"
"Form submission takes time","Medium"
"Major outage affecting all customers","High"
"Wait a second","Other"
"Minor delays in processing","Medium"
"Have to know","Other"
"Must know","Other"
"Form validation occasionally slow","Medium"
"Total wealth annihilation","High"
"Slow chart generation","Medium"
"Apart from that","Other"
"Critical database connection failure","High"
"Be that as it may","Other"
"Major catastrophic infrastructure loss","High"
"Suggestion to improve homepage layout","Low"
"Love","Other"
"Periodic slowdowns observed","Medium"
"Add ability to track market trends","Low"
"Add option to copy to clipboard","Low"
"Slow loading of configuration data","Medium"
"Request to add list view","Low"
"Add notification settings","Low"
"Critical complete global emergency","High"
"Delayed notifications observed","Medium"
"Add option to merge items","Low"
"Add option to duplicate entries","Low"
"Add ability to measure engagement","Low"
"That's wonderful","Other"
"Network firewall failure","High"
"Slow loading of incident data","Medium"
"Next topic","Other"
"Fresh start","Other"
"Major total business failure","High"
"Request to reset account password","Low"
"Critical disaster scenario active","High"
"Emergency digital afterlife corrupted","High"
"Chart animations occasionally choppy","Medium"
"Complete system architecture failure","High"
"For sure","Other"
"Sounds great","Other"
"That's life","Other"
"Add option to automate onboarding","Low"
"Occasional freezes in presence updates","Medium"
"Add option to track progress","Low"
"Suggestion to add more experiment types","Low"
"Bring me up to speed","Other"
"Have a good one","Other"
"Major critical total system loss","High"
"Critical collections agencies calling","High"
"Slow loading of API explorer","Medium"
"Save for that","Other"
"Critical citizenship revoked","High"
"Search autocomplete delays","Medium"
"Suggestion to add more versioning tools","Low"
"Request to add media monitoring","Low"
"Minor freezes in background tasks","Medium"
"Request to add activity feed","Low"
"Emergency shutdown required immediately","High"
"Not much","Other"
"Add option to send SMS alerts","Low"
"Complete catastrophic failure event","High"
"Pleasure speaking","Other"
"Major absolute catastrophic failure","High"
"Delayed email notifications","Medium"
"Critical universal system breach","High"
"Chart data loading slow","Medium"
"But yeah","Other"
"Slow dashboard updates","Medium"
"What a joy","Other"
"Major global outage in progress","High"
"File operations occasionally fail","Medium"
"Request to add interactive API explorer","Low"
"Active cyber attack detected","High"
"You're welcome","Other"
"Minor delays in story creation","Medium"
"Reports export slowly","Medium"
"Complete economic collapse","High"
"Bring it on","Other"
"Suggestion to add more collaboration features","Low"
"Almost never","Other"
"Minor delays in background sync","Medium"
"Enjoyable","Other"
"Add option to save preferences","Low"
"Add option to customize fields","Low"
"Occasional UI lag","Medium"
"What can you do","Other"
"Slow scrolling performance","Medium"
"Fine","Other"
"Major soul contract breached","High"
"Thanks buddy","Other"
"That's a thought","Other"
"Emergency bomb threat received","High"
"First things first","Other"
"Minor processing delays","Medium"
"Request to add release planning","Low"
"Add option to print reports","Low"
"Best wishes","Other"
"Add ability to set permissions","Low"
"Request to add change tracking","Low"
"Even though","Other"
"Occasional timeout errors","Medium"
"For now","Other"
"Request to add multivariate testing","Low"
"Moderate lag in application","Medium"
"Critical infrastructure hacked","High"
"Emergency shutdown of all systems","High"
"Eager to hear","Other"
"Critical karma system malfunction","High"
"I'm a fan","Other"
"Total universal infrastructure failure","High"
"Critical absolute operational failure","High"
"Add ability to manage projects","Low"
"Critical armed intruder alert","High"
"Request to add throughput metrics","Low"
"Add ability to manage continuity plans","Low"
"Add ability to prioritize backlog","Low"
"Tell me more","Other"
"Minor stuttering in policy updates","Medium"
"Ordinarily","Other"
"Request to add preview mode","Low"
"Critical career completely destroyed","High"
"Background sync occasionally stutters","Medium"
"Add ability to resolve impediments","Low"
"Good thoughts","Other"
"Minor delays in dashboard rendering","Medium"
"Request to add video conferencing","Low"
"Critical replica indistinguishable","High"
"Delightful","Other"
"Critical complete catastrophic failure","High"
"Core database locked","High"
"Chart rendering delays","Medium"
"Add option to compare variants","Low"
"Server room flooding detected","High"
"Uh huh","Other"
"Essentially","Other"
"Add ability to nest items","Low"
"Request to add budget tracking","Low"
"Slow loading of release data","Medium"
"Emergency reincarnation cycle broken","High"
"Major duplicate entity detected","High"
"Prayers","Other"
"Slow loading of epic data","Medium"
"Critical universal emergency alert","High"
"Add accessibility features","Low"
"Minor delays in doc generation","Medium"
"Wishing you well","Other"
"Add more keyboard shortcuts","Low"
"Occasional timeout errors","Medium"
"Emergency universal infrastructure failure","High"
"Add option to track brand mentions","Low"
"Slow loading of governance data","Medium"
"I'm cool with that","Other"
"Add option to create surveys","Low"
"Thrilled","Other"
"Please add video tutorials","Low"
"Suggestion to add more incident tools","Low"
"Request to add detail view","Low"
"Background tasks occasionally lose data","Medium"
"Occasional lag in audio playback","Medium"
"Add ability to create dashboards","Low"
"Time will tell","Other"
"That's fantastic","Other"
"Of course","Other"
"Server room critical temperature alert","High"
"Background operations occasionally return null","Medium"
"Total power failure in facility","High"
"Request to add multi-language support","Low"
"Critical bug crashing application repeatedly","High"
"Emergency alert system failure","High"
"Critical complete global collapse","High"
"Request to add simulation tools","Low"
"Background tasks queue up","Medium"
"Critical replacement in progress","High"
"Need help understanding features","Low"
"Critical production bug affecting customers","High"
"Suggestion to add more buttons","Low"
"Critical global catastrophic collapse","High"
"Rarely","Other"
"Critical service outage expanding","High"
"Add option to calculate velocity","Low"
"Request to add integration options","Low"
"Critical configuration failure","High"
"Disaster recovery system failure","High"
"Hard to say","Other"
"Background sync occasionally returns empty","Medium"
"Sporadically","Other"
"Modal transitions laggy","Medium"
"Let's go","Other"
"Request to add policy management","Low"
"Warm regards","Other"
"Request to add notification system","Low"
"All in good time","Other"
"Hang on","Other"
"Critical terrorist threat detected","High"
"That's helpful","Other"
"API responses occasionally corrupt","Medium"
"Request to add notification center","Low"
"Occasional freezes in compliance UI","Medium"
"Application occasionally freezes","Medium"
"Slow background task execution","Medium"
"Hi how are you","Other"
"Transaction processing delays","Medium"
"Occasional lag in webhook delivery","Medium"
"Best of luck","Other"
"Proud of you","Other"
"Request to add status indicators","Low"
"Total catastrophic operational loss","High"
"Critical catastrophic total collapse","High"
"Emergency zombie apocalypse declared","High"
"Congratulations","Other"
"Background jobs occasionally delay","Medium"
"Much better","Other"
"Minor stuttering in board updates","Medium"
"Almost over","Other"
"Notification badges update slowly","Medium"
"How delightful","Other"
"Total character dissolution","High"
"Complete system emergency declared","High"
"Fondly","Other"
"Good timing","Other"
"Hugs","Other"
"Request to add capacity planning","Low"
"Minor delays in operations","Medium"
"Infrastructure on fire literally","High"
"Critical AI takeover in progress","High"
"Sure thing","Other"
"Critical universal infrastructure failure","High"
"Why not","Other"
"How about you","Other"
"Haven't heard","Other"
"Critical system failure cascade","High"
"Critical personhood denied","High"
"Request to improve color contrast","Low"
"Except for that","Other"
"Not normally","Other"
"Slow loading of dashboard","Medium"
"Love it","Other"
"Let's do this","Other"
"Major security breach spreading","High"
"Add option to rename items","Low"
"Well anyway","Other"
"Dashboard refresh lag","Medium"
"Slow loading of bug data","Medium"
"Add ability to benchmark competitors","Low"
"Request to add filter presets","Low"
"Add batch delete option","Low"
"Dashboard widgets occasionally lag","Medium"
"Request to add configuration management","Low"
"Keep me in the loop","Other"
"Suggestion to add more templates","Low"
"Request to add role management","Low"
"Hold that thought","Other"
"Good to hear from you","Other"
"Critical global infrastructure collapse","High"
"Clearly","Other"
"Have a wonderful day","Other"
"Request to add chat integration","Low"
"Good news","Other"
"Feedback","Other"
"All in all","Other"
"Emergency identity theft complete","High"
"Until we meet again","Other"
"Occasional lag in updates","Medium"
"Happy to hear","Other"
"Form submission occasionally lags","Medium"
"Uncommonly","Other"
"Suggestion to add tooltips","Low"
"Need help updating phone number","Low"
"Request to add batch edit","Low"
"Minor delays in risk assessment","Medium"
"Complete corporate bankruptcy","High"
"Minor freezes in chart rendering","Medium"
"Slow loading of user lifecycle data","Medium"
"Major catastrophic global collapse","High"
"Core system services stopped unexpectedly","High"
"Sincerely","Other"
"Slow loading of contact lists","Medium"
"Dashboard widgets occasionally timeout","Medium"
"I'm in","Other"
"Dashboard rendering occasionally returns null","Medium"
"Hmm","Other"
"Really appreciate it","Other"
"Slow form field validation","Medium"
"Add ability to track risk metrics","Low"
"Background tasks occasionally return empty","Medium"
"Not often","Other"
"File download slow","Medium"
"Slow background sync","Medium"
"Any luck","Other"
"Suggestion to add more summaries","Low"
"Emergency angelic support withdrawn","High"
"Periodic connectivity issues","Medium"
"Video call quality drops","Medium"
"Complete operational failure","High"
"Critical assets seized","High"
"Much appreciated","Other"
"Add FAQ section to website","Low"
"Add ability to run experiments","Low"
"Complete rights annihilation","High"
"Good to know","Other"
"Critical failure in payment system","High"
"Request to add search history","Low"
"See you soon","Other"
"Add option to enforce WIP limits","Low"
"What a treat","Other"
"Background upload slow","Medium"
"Slow page transitions","Medium"
"Minor UI delays","Medium"
"What's the deal","Other"
"Slow API pagination","Medium"
"Application hangs during file uploads","Medium"
"See you around","Other"
"Any ideas","Other"
"Please add onboarding guide","Low"
"Add option to audit changes","Low"
"Speaking of which","Other"
"Need tutorial for new users","Low"
"Request to add push notifications","Low"
"API response delay","Medium"
"Hang in there","Other"
"Background tasks occasionally return null","Medium"
"Occasional lag in configuration updates","Medium"
"Minor lag in dashboard updates","Medium"
"Hardly ever","Other"
"Critical total loss of services","High"
"Add ability to create groups","Low"
"Critical total emergency breakdown","High"
"Slow loading of directory data","Medium"
"Sounds good","Other"
"Major global absolute collapse","High"
"Major identity erased","High"
"Complete loss of business operations","High"
"So long","Other"
"Best regards","Other"
"Emergency nirvana access denied","High"
"Slow synchronization between systems","Medium"
"And you","Other"
"Critical infrastructure fire","High"
"Perfect timing","Other"
"Critical absolute infrastructure loss","High"
"By and large","Other"
"Slow background operations","Medium"
"Slow chart animations","Medium"
"Nothing to worry about","Other"
"Before that","Other"
"Latest news","Other"
"Complete operational shutdown required","High"
"Emergency bankruptcy declared","High"
"Total facility evacuation required","High"
"Add option to manage permissions","Low"
"Background operations occasionally hang","Medium"
"Recovering","Other"
"Critical mirror universe breach","High"
"On top of that","Other"
"System slow after update","Medium"
"Critical parole denied","High"
"Major security breach escalating","High"
"How do you feel","Other"
"Request to add calendar integration","Low"
"Interesting point","Other"
"Can't wait to hear","Other"
"Add option to customize alerts","Low"
"Critical quantum state superposition","High"
"Dashboard data occasionally blocked","Medium"
"Complete absolute emergency failure","High"
"Not long now","Other"
"File downloads occasionally timeout","Medium"
"File processing occasionally stalls","Medium"
"Thanks a lot","Other"
"Minor delays in message delivery","Medium"
"Critical failure of backup systems","High"
"Minor delays in API responses","Medium"
"Give me a minute","Other"
"Let's get to it","Other"
"API endpoints occasionally reject requests","Medium"
"Critical inheritance stolen","High"
"Request to add bulk editing","Low"
"In addition","Other"
"Background tasks occasionally fail validation","Medium"
"Occasional stuttering in video playback","Medium"
"Firewall misconfiguration exposing system","High"
"Great idea","Other"
"Major security breach in progress","High"
"API response intermittent","Medium"
"Excited","Other"
"Anything to add","Other"
"Request to add custom filters","Low"
"Phew","Other"
"Suggestion to add more reputation tools","Low"
"Request to add split view","Low"
"Questions","Other"
"Request to add bulk actions","Low"
"Nice weather today","Other"
"Add ability to assign issues","Low"
"Critical complete failure cascade","High"
"Critical ransomware encryption detected","High"
"Search feature responds slowly","Medium"
"Working on it","Other"
"Add ability to manage epics","Low"
"Request to add press release tools","Low"
"Nevertheless","Other"
"Background operations occasionally lag","Medium"
"Suggestion to add more story tools","Low"
"Request to add order management","Low"
"API calls occasionally return null","Medium"
"Oh really","Other"
"Critical tsunami warning issued","High"
"Request to add batch operations","Low"
"Occasional timeout on API calls","Medium"
"Add ability to manage identity providers","Low"
"Dashboard widgets occasionally freeze","Medium"
"Emergency critical system failure","High"
"Furthermore","Other"
"Suggestion to add more metrics","Low"
"Suggestion to add more statistics","Low"
"Curious to know","Other"
"Dashboard data occasionally stale","Medium"
"Request to add breadcrumbs","Low"
"Add ability to create segments","Low"
"Request to add trend analysis","Low"
"Background jobs occasionally blocked","Medium"
"Critical complete universal failure","High"
"Complete probability collapse","High"
"Major total service disruption","High"
"Request to add poll features","Low"
"No worries","Other"
"Critical data loss detected","High"
"Now that you mention it","Other"
"Add quick search feature","Low"
"Major life imprisonment declared","High"
"Add option to customize boards","Low"
"All set","Other"
"Minor stuttering in audio streaming","Medium"
"Brilliant idea","Other"
"Add option to configure SAML","Low"
"Add ability to star favorites","Low"
"Exactly","Other"
"Add option to import data","Low"
"Total absolute global failure","High"
"Minor stuttering in user removal","Medium"
"Request to add consumer insights","Low"
"I'm down","Other"
"Background processes occasionally delay","Medium"
"Critical spirit guides disconnected","High"
"Add ability to analyze coverage","Low"
"Dashboard updates occasionally lag","Medium"
"Add ability to manage contracts","Low"
"No use crying over spilled milk","Other"
"Not typically","Other"
"Clean slate","Other"
"Ransomware detected on server","High"
"Want the details","Other"
"Slow loading of metadata","Medium"
"I get it","Other"
"Forget it","Other"
"Latency issues in internal tools","Medium"
"Occasional stuttering in dashboard","Medium"
"Yours truly","Other"
"Critical absolute global failure","High"
"Have a nice day","Other"
"Complete substitution achieved","High"
"Doing okay thanks","Other"
"Major security incident in progress","High"
"Emergency total absolute failure","High"
"Making headway","Other"
"Add ability to track tickets","Low"
"Request to add version history","Low"
"Request to add emergency protocols","Low"
"Change text size option","Low"
"Email server completely down","High"
"Add ability to test API endpoints","Low"
"Good things come to those who wait","Other"
"Funny you should say that","Other"
"Occasional freezes in API testing","Medium"
"Slow loading of resources","Medium"
"Slow form submission processing","Medium"
"Fair point","Other"
"Critical total absolute emergency","High"
"Other than that","Other"
"Emergency kundalini energy overload","High"
"If you say so","Other"
"Background processes occasionally crash","Medium"
"Practice makes perfect","Other"
"Request to add API documentation","Low"
"Critical volcano erupting nearby","High"
"Suggestion to add more backup features","Low"
"Moderate CPU usage increase","Medium"
"Complete universal system failure","High"
"No objections","Other"
"Good to see you","Other"
"Next steps","Other"
"Fill me in","Other"
"Network latency spikes","Medium"
"Keep in touch","Other"
"Add option to configure workflows","Low"
"Complete infrastructure meltdown","High"
"Intriguing","Other"
"In the meantime","Other"
"Request to add survey tools","Low"
"Sign me up","Other"
"Request to add bookmark feature","Low"
"Suggestion to improve navigation","Low"
"File operations occasionally fail auth","Medium"
"Suggestion to add more encryption features","Low"
"Critical meditation server crashed","High"
"Major complete infrastructure failure","High"
"Critical system resources exhausted","High"
"Add ability to generate invoices","Low"
"Minor delays in WIP enforcement","Medium"
"To conclude","Other"
"Minor lag in rendering","Medium"
"Critical emergency requiring immediate action","High"
"Suggestion to add more governance features","Low"
"Emergency values system corrupted","High"
"Major possessions liquidated","High"
"Request to add color coding","Low"
"Occasional freezes in provisioning","Medium"
"Background sync occasionally fails","Medium"
"We'll see","Other"
"Add ability to manage team capacity","Low"
"Minor stuttering in time calculations","Medium"
"On the whole","Other"
"Emergency all emergency systems failed","High"
"Few and far between","Other"
"Major all systems critical failure","High"
"Background operations occasionally stall","Medium"
"Well deserved","Other"
"Just about finished","Other"
"Suggestion to add more directory features","Low"
"Intermittent server response failures","Medium"
"Complete loss of all redundant systems","High"
"Background tasks occasionally slow","Medium"
"API calls occasionally stall","Medium"
"Add option to generate compliance reports","Low"
"What's the situation","Other"
"Security breach detected in user accounts","High"
"Background operations occasionally delay","Medium"
"Background processes occasionally interrupted","Medium"
"Request to add custom workflows","Low"
"No problem","Other"
"Forms occasionally timeout","Medium"
"Pleased to learn","Other"
"On the mend","Other"
"Zero-day exploit affecting production","High"
"File sync occasionally lags","Medium"
"Request to add work item aging","Low"
"Thumbs up","Other"
"Add ability to manage suppliers","Low"
"Payment processing completely stopped","High"
"Add option to create user stories","Low"
"Major catastrophic total breakdown","High"
"Slow loading of migration data","Medium"
"Occasional lag in file uploads","Medium"
"Search suggestions load slowly","Medium"
"Suggestion to add more analytics","Low"
"Occasional freezes in audio controls","Medium"
"Background sync occasionally interrupted","Medium"
"Email notifications are delayed","Medium"
"Inch by inch","Other"
"Major complete critical emergency","High"
"Dashboard analytics delayed","Medium"
"Critical proof destruction","High"
"Won't be long","Other"
"Major timeline corruption","High"
"Add ability to share workspaces","Low"
"Add ability to analyze reviews","Low"
"Critical grace period expired","High"
"Slow loading of throughput data","Medium"
"API calls occasionally hang","Medium"
"Give me the scoop","Other"
"Never really","Other"
"Neat","Other"
"Coming right up","Other"
"Add option to export logs","Low"
"Critical hardware malfunction","High"
"Request to add batch import","Low"
"Critical complete service unavailable","High"
"How's it going","Other"
"Total karmic debt collapse","High"
"Major redemption impossible","High"
"Add option to manage certificates","Low"
"Background operations occasionally fail auth","Medium"
"Website sluggish on mobile","Medium"
"At its core","Other"
"Could be worse","Other"
"Critical service completely unavailable","High"
"Add help documentation","Low"
"Critical infrastructure destroyed","High"
"Hope you're well","Other"
"Critical memory leak causing crashes","High"
"Critical documentation disappearing","High"
"Many thanks","Other"
"Image loading delays","Medium"
"Emergency biohazard alert active","High"
"As well","Other"
"Multiple critical systems failing","High"
"API endpoints occasionally unavailable","Medium"
"Request to add project management","Low"
"Concerns","Other"
"I see","Other"
"Major incident affecting core services","High"
"Always","Other"
"Got anything","Other"
"Request to add sharing options","Low"
"Maybe","Other"
"Background operations occasionally freeze","Medium"
"Payment service timeout","High"
"Suggestion to add more automation","Low"
"Background tasks occasionally freeze","Medium"
"How lucky","Other"
"Major debt completely unrecoverable","High"
"Slow rendering of elements","Medium"
"Occasional freezes in video controls","Medium"
"Minor delays in provisioning users","Medium"
"Understood","Other"
"Beyond excited","Other"
"File sync occasionally fails","Medium"
"Complete infrastructure collapse imminent","High"
"Occasional freezes in epic planning","Medium"
"Bingo","Other"
"Background sync occasionally blocked","Medium"
"Any minute now","Other"
"Critical court date scheduled","High"
"Request to add presence indicators","Low"
"Suggestion to improve UI design","Low"
"File processing occasionally stalls","Medium"
"Although","Other"
"Request to add cumulative flow diagrams","Low"
"What's happening","Other"
"Background tasks occasionally lag","Medium"
"Well done you","Other"
"Goodbye","Other"
"Works for me","Other"
"Possibly","Other"
"Emergency infrastructure meltdown","High"
"Often","Other"
"Minor lag in interface","Medium"
"Minor delays in operations","Medium"
"Background jobs queue slowly","Medium"
"Sure why not","Other"
"Likewise","Other"
"Complete loss of primary datacenter","High"
"Slowly but surely","Other"
"Sending good vibes","Other"
"Request to add feedback system","Low"
"How have you been","Other"
"Occasional timeout on save","Medium"
"Finally","Other"
"Slow loading of webhook configuration","Medium"
"Complete operational shutdown","High"
"Critical mass casualty event","High"
"Add option to analyze results","Low"
"Occasional delays in rendering","Medium"
"Keep it up","Other"
"Add ability to create filters","Low"
"Add ability to manage users","Low"
"Request to add knowledge base","Low"
"Suggestion to add more notification types","Low"
"Before I forget","Other"
"Request to add client management","Low"
"Slow form rendering","Medium"
"As I was saying","Other"
"Critical infrastructure collapse","High"
"Love always","Other"
"Background sync occasionally fails validation","Medium"
"Background sync occasionally hangs","Medium"
"Critical authentication failed permanently","High"
"Cloud storage inaccessible","High"
"Request to add burndown charts","Low"
"Suggestion to add more charts","Low"
"Request to add comparison mode","Low"
"Severe data breach in customer records","High"
"Ready to start","Other"
"Got a plan","Other"
"Believe in yourself","Other"
"Hey buddy","Other"
"Form validation occasionally blocks","Medium"
"You might be right","Other"
"Forever","Other"
"Occasional glitches in display","Medium"
"Critical infrastructure fire detected","High"
"Emergency employment terminated forever","High"
"Critical reputation destroyed","High"
"Excellent","Other"
"Emergency absolute infrastructure failure","High"
"Slow form field rendering","Medium"
"Request to add data migration","Low"
"Critical being declared non-entity","High"
"Please add keyboard shortcuts","Low"
"Critical failure affecting all operations","High"
"Add ability to monitor social channels","Low"
"Request to add resource management","Low"
"Input","Other"
"API calls occasionally timeout","Medium"
"Request to add API access","Low"
"Suggestion to add more color schemes","Low"
"Add option to create alerts","Low"
"API endpoints occasionally crash","Medium"
"Later","Other"
"Until then","Other"
"After that","Other"
"Add option to set defaults","Low"
"Request to add environment management","Low"
"Lovely","Other"
"Critical system breach detected","High"
"Minor delays in email sending","Medium"
"Background jobs occasionally time out","Medium"
"Add ability to manage teams","Low"
"Pleasant","Other"
"Critical security breach expanding","High"
"That's great news","Other"
"By the way","Other"
"Slow page transitions","Medium"
"Emergency reality membership revoked","High"
"Add ability to version data","Low"
"Background sync occasionally crashes","Medium"
"Emergency maintenance critical","High"
"Core infrastructure compromised","High"
"What do you think","Other"
"Emergency maintenance required","High"
"Minor delays in compliance checks","Medium"
"Add ability to schedule announcements","Low"
"Add option to track shipments","Low"
"Add option to manage articles","Low"
"Sweet","Other"
"Request to add LDAP integration","Low"
"Suggestion to improve contrast","Low"
"Different subject","Other"
"Background processes occasionally stall","Medium"
"Critical vulnerability being exploited","High"
"Moving forward","Other"
"Request to add category filters","Low"
"One thing at a time","Other"
"Suggestion to reorganize menu","Low"
"Critical loss of data integrity","High"
"You're the best","Other"
"Some day","Other"
"Critical consciousness upload failed","High"
"Critical chakra alignment failed","High"
"Critical wildfire approaching facility","High"
"Request to change password","Low"
"Occasional delays in background sync","Medium"
"Issues","Other"
"API rate limits reached","Medium"
"My thoughts exactly","Other"
"Great effort","Other"
"Total organizational collapse","High"
"Emergency complete universal failure","High"
"Critical all primary systems down","High"
"Suggestion to add more indicators","Low"
"Suggestion to add more menus","Low"
"Suggestion to add quick actions","Low"
"Slow loading of presence data","Medium"
"Server room fire alarm activated","High"
"Progress","Other"
"Data center fire suppression system activated","High"
"Major infrastructure total failure","High"
"Critical mission failure imminent","High"
"Minor lag in form validation","Medium"
"Make progress","Other"
"I concur","Other"
"Add option to version configurations","Low"
"Dashboard widgets occasionally rejected","Medium"
"Form submissions occasionally return null","Medium"
"Server explosion risk detected","High"
"Add option to visualize flow","Low"
"Cordially","Other"
"Request to add encryption management","Low"
"Unauthorized access detected in admin panel","High"
"Occasional page reloads","Medium"
"Emergency global absolute failure","High"
"Major heat death of universe","High"
"Critical security alert active","High"
"Critical simulation shutting down","High"
"Critical earthquake damaging facility","High"
"Great talking to you","Other"
"Background tasks occasionally timeout","Medium"
"Little by little","Other"
"Can't complain","Other"
"Very excited","Other"
"Multiple critical alerts firing simultaneously","High"
"Add option to filter search results","Low"
"Add option to schedule reports","Low"
"Add option to analyze market share","Low"
"Major absolute infrastructure collapse","High"
"Add option to schedule backups","Low"
"Recent updates","Other"
"Critical load balancer failure","High"
"Background service slow","Medium"
"File operations occasionally lag","Medium"
"Future plans","Other"
"Slow form submissions","Medium"
"API pagination slow","Medium"
"Request to add scrum tools","Low"
"Request to add reporting dashboard","Low"
"Critical system component failure","High"
"Request to add secrets management","Low"
"Request to change profile theme","Low"
"Major emergency total failure","High"
"Add contextual help tooltips","Low"
"System unavailable after upgrade","High"
"Suggestion to add more shortcuts","Low"
"Major cosmic support terminated","High"
"Critical universal absolute failure","High"
"So yeah","Other"
"How's everything","Other"
"Suggestion to add more help content","Low"
"Total absolute catastrophic collapse","High"
"What now","Other"
"Minor stuttering in blocker updates","Medium"
"Change notification sound settings","Low"
"Critical retroactive non-existence","High"
"Modal dialogs load slowly","Medium"
"Better luck next time","Other"
"Form submission occasionally delays","Medium"
"Definitely","Other"
"Critical total absolute collapse","High"
"You're awesome","Other"
"Suggestion to improve mobile layout","Low"
"Request to add warehouse management","Low"
"Suggestion to add more PR features","Low"
"Add option to respond to reviews","Low"
"Request to add sorting options","Low"
"Video buffering during playback","Medium"
"File operations occasionally timeout","Medium"
"Occasional delays in loading","Medium"
"Moving on","Other"
"Add ability to create workflows","Low"
"Glass half full","Other"
"Add option to update profile picture","Low"
"Minor performance degradation","Medium"
"Slow loading of aging data","Medium"
"Game on","Other"
"Gradual progress","Other"
"Background operations slow","Medium"
"Same here","Other"
"Critical cooling system failure in datacenter","High"
"Suggestion to add more capacity features","Low"
"Critical ethical framework collapsed","High"
"Suggestion to add more recovery tools","Low"
"Add ability to track throughput","Low"
"Request to add cycle time tracking","Low"
"To summarize","Other"
"Total critical emergency situation","High"
"Emergency system shutdown needed","High"
"Usually","Other"
"Request to add dashboard customization","Low"
"Catastrophic database failure","High"
"What are you up to","Other"
"Request to add help tooltips","Low"
"Major incident affecting global operations","High"
"Well said","Other"
"Suggestion to add more filters","Low"
"Emergency astral projection failed","High"
"Minor delays in API calls","Medium"
"Request to add custom views","Low"
"Change of subject","Other"
"Critical catastrophic universal failure","High"
"Add ability to track incidents","Low"
"Slow loading of certificate data","Medium"
"SQL injection vulnerability found","High"
"Sounds like a plan","Other"
"Coming up","Other"
"Add ability to comment inline","Low"
"You said it","Other"
"API endpoint occasionally slow","Medium"
"Minor UI glitches","Medium"
"Now where was I","Other"
"Comments","Other"
"Suggestion to add more user groups","Low"
"What did I miss","Other"
"How was your day","Other"
"Emergency absolute catastrophic failure","High"
"Occasional connection drops","Medium"
"Thanks for listening","Other"
"API endpoints occasionally return empty","Medium"
"Just a moment","Other"
"Slow loading of forms","Medium"
"Occasional lag in screen sharing","Medium"
"Hit the nail on the head","Other"
"Live and learn","Other"
"Critical catastrophic event occurring","High"
"POS system down during business hours","High"
"That's it","Other"
"Emergency grandfather paradox created","High"
"Request to add review management","Low"
"Form submissions occasionally fail","Medium"
"Background sync occasionally delays","Medium"
"Request to add copy function","Low"
"Occasional stuttering in forms","Medium"
"Slow response from external APIs","Medium"
"A plus","Other"
"Emergency subpoena served","High"
"File uploads occasionally hang","Medium"
"Critical total system annihilation","High"
"Need help accessing help section","Low"
"Minor delays in loading views","Medium"
"Request to add grid view","Low"
"Occasional freezes in API calls","Medium"
"Gold star","Other"
"Need to know","Other"
"Yeah","Other"
"API rate limits occasionally reached","Medium"
"Slow loading of risk data","Medium"
"Email sync issues","Medium"
"Suggestion to add more reports","Low"
"Heard anything","Other"
"All is well","Other"
"Complete data center outage","High"
"Critical entire network compromised","High"
"Your call","Other"
"Occasional freezes during uploads","Medium"
"Occasional freezes in version control","Medium"
"Emergency salvation window closed","High"
"File metadata loading slow","Medium"
"Slow loading of impediment data","Medium"
"Add ability to search articles","Low"
"Request to add authentication options","Low"
"Update me","Other"
"Dashboard refresh occasionally delays","Medium"
"Occasional freezes in capacity tools","Medium"
"Critical life safety systems compromised","High"
"Request to add crisis communication","Low"
"Minor memory leaks","Medium"
"Complete system failure affecting all services","High"
"Request to add keyboard navigation","Low"
"Critical evacuation order issued","High"
"Periodically","Other"
"Suggestion to add more compliance tools","Low"
"Just a sec","Other"
"Home stretch","Other"
"Looking up","Other"
"But","Other"
"Total global catastrophic collapse","High"
"Background operations occasionally corrupt","Medium"
"Prepared","Other"
"Total loss of all infrastructure","High"
"Add ability to send push alerts","Low"
"Major spiritual awakening failed","High"
"What a relief","Other"
"Where were we","Other"
"Could be","Other"
"Keep me updated","Other"
"Request to add text size adjustment","Low"
"Everything will work out","Other"
"Request to add industry benchmarks","Low"
"Complete network infrastructure collapse","High"
"Shall we start","Other"
"Critical legal action imminent","High"
